{"TestSuite":"","Date":0,"Player":{"Development":false,"ScreenWidth":0,"ScreenHeight":0,"ScreenRefreshRate":0,"Fullscreen":false,"Vsync":0,"AntiAliasing":0,"Batchmode":false,"RenderThreadingMode":"MultiThreaded","GpuSkinning":true,"Platform":"","ColorSpace":"","AnisotropicFiltering":"","BlendWeights":"","GraphicsApi":"","ScriptingBackend":"IL2CPP","AndroidTargetSdkVersion":"AndroidApiLevelAuto","AndroidBuildSystem":"Gradle","BuildTarget":"Android","StereoRenderingPath":"MultiPass"},"Hardware":{"OperatingSystem":"","DeviceModel":"","DeviceName":"","ProcessorType":"","ProcessorCount":0,"GraphicsDeviceName":"","SystemMemorySizeMB":0},"Editor":{"Version":"6000.2.2f1","Branch":"6000.2/staging","Changeset":"ea398eefe1c2","Date":1755652437},"Dependencies":["com.nobi.roundedcorners@3.5.0","com.ptc.vuforia.engine@11.4.4","com.unify.unified-universal-blur@0.7.3","com.unity.ai.navigation@2.0.8","com.unity.collab-proxy@2.10.2","com.unity.ide.rider@3.0.36","com.unity.ide.visualstudio@2.0.23","com.unity.inputsystem@1.14.2","com.unity.multiplayer.center@1.0.0","com.unity.render-pipelines.universal@17.2.0","com.unity.test-framework@1.5.1","com.unity.timeline@1.8.9","com.unity.ugui@2.0.0","com.unity.visualscripting@1.9.7","com.unity.modules.accessibility@1.0.0","com.unity.modules.ai@1.0.0","com.unity.modules.androidjni@1.0.0","com.unity.modules.animation@1.0.0","com.unity.modules.assetbundle@1.0.0","com.unity.modules.audio@1.0.0","com.unity.modules.cloth@1.0.0","com.unity.modules.director@1.0.0","com.unity.modules.imageconversion@1.0.0","com.unity.modules.imgui@1.0.0","com.unity.modules.jsonserialize@1.0.0","com.unity.modules.particlesystem@1.0.0","com.unity.modules.physics@1.0.0","com.unity.modules.physics2d@1.0.0","com.unity.modules.screencapture@1.0.0","com.unity.modules.terrain@1.0.0","com.unity.modules.terrainphysics@1.0.0","com.unity.modules.tilemap@1.0.0","com.unity.modules.ui@1.0.0","com.unity.modules.uielements@1.0.0","com.unity.modules.umbra@1.0.0","com.unity.modules.unityanalytics@1.0.0","com.unity.modules.unitywebrequest@1.0.0","com.unity.modules.unitywebrequestassetbundle@1.0.0","com.unity.modules.unitywebrequestaudio@1.0.0","com.unity.modules.unitywebrequesttexture@1.0.0","com.unity.modules.unitywebrequestwww@1.0.0","com.unity.modules.vehicles@1.0.0","com.unity.modules.video@1.0.0","com.unity.modules.vr@1.0.0","com.unity.modules.wind@1.0.0","com.unity.modules.xr@1.0.0","com.unity.modules.subsystems@1.0.0","com.unity.modules.hierarchycore@1.0.0","com.unity.ext.nunit@2.0.5","com.unity.render-pipelines.core@17.2.0","com.unity.shadergraph@17.2.0","com.unity.render-pipelines.universal-config@17.0.3","com.unity.nuget.newtonsoft-json@3.2.1","com.unity.searcher@4.9.3","com.unity.burst@1.8.24","com.unity.mathematics@1.3.2","com.unity.collections@2.5.7","com.unity.rendering.light-transport@1.0.1","com.unity.nuget.mono-cecil@1.11.5","com.unity.test-framework.performance@3.1.0"],"Results":[]}